date,original_box_price,bulk_price
2021-03-03,3180,2450
2021-03-04,3180,2450
2021-03-05,3180,2450
2021-03-06,3200,2460
2021-03-07,3200,2460
2021-03-08,3180,2460
2021-03-09,3220,2470
2021-03-10,3220,2450
2021-03-11,3230,2450
2021-03-12,3220,2450
2021-03-13,3220,2450
2021-03-14,3220,2460
2021-03-15,3230,2470
2021-03-16,3220,2470
2021-03-17,3220,2470
2021-03-18,3200,2470
2021-03-19,3200,2470
2021-03-20,3200,2470
2021-03-21,3230,2475
2021-03-22,3230,2460
2021-03-23,3230,2475
2021-03-24,3220,2475
2021-03-25,3220,2475
2021-03-26,3240,2475
2021-03-27,3200,2470
2021-03-28,3230,2470
2021-03-29,3190,2460
2021-03-30,3190,2460
2021-03-31,3200,2465
2021-04-01,3220,2465
2021-04-02,3200,2470
2021-04-03,3200,2470
2021-04-04,3200,2460
2021-04-05,3200,2460
2021-04-06,3200,2460
2021-04-07,3200,2460
2021-04-08,3200,2460
2021-04-09,3220,2470
2021-04-10,3240,2470
2021-04-11,3230,2470
2021-04-12,3220,2480
2021-04-13,3220,2480
2021-04-14,3200,2470
2021-04-15,3230,2480
2021-04-16,3240,2480
2021-04-17,3220,2480
2021-04-18,3220,2490
2021-04-19,3220,2500
2021-04-20,3220,2520
2021-04-21,3210,2510
2021-04-22,3230,2510
2021-04-23,3230,2510
2021-04-24,3230,2530
2021-04-25,3210,2530
2021-04-26,3240,2530
2021-04-27,3250,2550
2021-04-28,3240,2550
2021-04-29,3220,2560
2021-04-30,3280,2560
2021-05-01,3280,2560
2021-05-02,3260,2565
2021-05-03,3260,2565
2021-05-05,3230,2560
2021-05-06,3230,2560
2021-05-07,3240,2560
2021-05-08,3260,2570
2021-05-09,3250,2590
2021-05-10,3250,2600
2021-05-13,3250,2630
2021-05-14,3250,2645
2021-05-15,3250,2660
2021-05-16,3250,2675
2021-05-17,3250,2705
2021-05-18,3260,2710
2021-05-19,3260,2710
2021-05-20,3260,2710
2021-05-21,3260,2710
2021-05-22,3260,2710
2021-05-23,3260,2710
2021-05-24,3260,2710
2021-05-25,3260,2715
2021-05-26,3260,2715
2021-05-27,3250,2710
2021-05-28,3250,2720
2021-05-29,3250,2725
2021-05-30,3250,2720
2021-05-31,3270,2710
2021-06-01,3270,2710
2021-06-02,3300,2710
2021-06-03,3330,2745
2021-06-04,3330,2750
2021-06-05,3330,2750
2021-06-06,3360,2765
2021-06-07,3360,2765
2021-06-08,3380,2775
2021-06-09,3380,2780
2021-06-10,3440,2780
2021-06-11,3440,2780
2021-06-12,3430,2770
2021-06-13,3430,2770
2021-06-14,3430,2750
2021-06-15,3400,2750
2021-06-16,3380,2745
2021-06-17,3390,2760
2021-06-18,3450,2780
2021-06-19,3440,2780
2021-06-20,3420,2780
2021-06-21,3430,2780
2021-06-22,3430,2765
2021-06-23,3430,2765
2021-06-24,3430,2760
2021-06-25,3420,2760
2021-06-26,3440,2760
2021-06-27,3420,2730
2021-06-28,3440,2730
2021-06-29,3440,2730
2021-06-30,3440,2740
2021-07-01,3440,2750
2021-07-02,3430,2750
2021-07-03,3440,2750
2021-07-04,3450,2765
2021-07-05,3475,2770
2021-07-07,3495,2785
2021-07-08,3500,2790
2021-07-09,3500,2790
2021-07-10,3530,2800
2021-07-11,3530,2790
2021-07-12,3550,2790
2021-07-13,3550,2790
2021-07-14,3550,2785
2021-07-15,3550,2810
2021-07-16,3550,2840
2021-07-17,3550,2860
2021-07-18,3630,2890
2021-07-19,3630,2910
2021-07-20,3640,2920
2021-07-22,3750,2980
2021-07-23,3750,3010
2021-07-24,3750,2990
2021-07-25,3750,2970
2021-07-26,3750,3000
2021-07-27,3750,2970
2021-07-28,3750,3000
2021-07-29,3770,2990
2021-07-30,3770,3010
2021-07-31,3770,3020
2021-08-04,3770,2980
2021-08-05,3770,2990
2021-08-06,3770,3000
2021-08-07,3770,3010
2021-08-08,3770,3010
2021-08-09,3820,3010
2021-08-10,3820,3010
2021-08-11,3780,3000
2021-08-13,3800,3000
2021-08-14,3800,3010
2021-08-15,3800,3030
2021-08-16,3800,3050
2021-08-17,3830,3080
2021-08-18,3840,3120
2021-08-19,3850,3130
2021-08-21,3870,3160
2021-08-22,3870,3130
2021-08-23,3850,3130
2021-08-24,3850,3030
2021-08-25,3850,2950
2021-08-26,3760,2780
2021-08-27,3750,2800
2021-08-28,3810,2950
2021-08-29,3810,2990
2021-08-31,3840,2930
2021-09-01,3840,2960
2021-09-02,3840,2950
2021-09-03,3840,2960
2021-09-04,3860,2990
2021-09-07,3860,3000
2021-09-09,3850,3030
2021-09-10,3850,3050
2021-09-11,3850,3040
2021-09-12,3850,3030
2021-09-13,3850,3010
2021-09-15,3850,2950
2021-09-16,3850,2990
2021-09-17,3850,2980
2021-09-18,3850,2930
2021-09-19,3840,2880
2021-09-20,3840,2820
2021-09-21,3840,2830
2021-09-22,3840,2850
2021-09-23,3840,2860
2021-09-24,3840,2860
2021-09-25,3840,2860
2021-09-26,3840,2880
2021-09-27,3840,2720
2021-09-28,3840,2720
2021-09-29,3840,2720
2021-09-30,3830,2765
2021-10-01,3820,2750
2021-10-02,3820,2730
2021-10-03,3820,2730
2021-10-04,3820,2750
2021-10-05,3820,2780
2021-10-06,3820,2800
2021-10-07,3820,2770
2021-10-08,3820,2775
2021-10-09,3820,2765
2021-10-10,3820,2760
2021-10-11,3820,2750
2021-10-12,3800,2780
2021-10-13,3800,2780
2021-10-14,3800,2780
2021-10-15,3800,2825
2021-10-16,3800,2825
2021-10-17,3800,2825
2021-10-18,3800,2840
2021-10-19,3780,2840
2021-10-20,3780,2860
2021-10-21,3780,2825
2021-10-22,3780,2825
2021-10-23,3760,2825
2021-10-24,3750,2800
2021-10-25,3750,2790
2021-10-26,3750,2790
2021-10-27,3750,2770
2021-10-28,3650,2740
2021-10-29,3650,2730
2021-10-30,3550,2700
2021-10-31,3550,2670
2021-11-01,3400,2660
2021-11-02,3400,2680
2021-11-03,3400,2680
2021-11-04,3430,2680
2021-11-05,3450,2700
2021-11-06,3400,2685
2021-11-07,3400,2680
2021-11-08,3430,2680
2021-11-09,3430,2680
2021-11-10,3430,2680
2021-11-11,3430,2645
2021-11-12,3430,2645
2021-11-13,3430,2630
2021-11-14,3430,2620
2021-11-15,3430,2620
2021-11-16,3430,2620
2021-11-17,3430,2630
2021-11-18,3500,2720
2021-11-19,3500,2690
2021-11-20,3500,2680
2021-11-21,3450,2680
2021-11-22,3450,2680
2021-11-23,3500,2700
2021-11-24,3500,2710
2021-11-25,3500,2670
2021-11-26,3530,2670
2021-11-27,3550,2650
2021-11-28,3550,2590
2021-11-29,3550,2560
2021-11-30,3550,2550
2021-12-01,3500,2600
2021-12-02,3500,2650
2021-12-03,3500,2600
2021-12-04,3530,2630
2021-12-05,3530,2660
2021-12-06,3530,2660
2021-12-07,3530,2650
2021-12-08,3550,2660
2021-12-09,3550,2660
2021-12-10,3550,2700
2021-12-11,3520,2680
2021-12-12,3520,2680
2021-12-13,3250,2660
2021-12-14,3200,2650
2021-12-15,3200,2650
2021-12-16,3250,2680
2021-12-17,3250,2690
2021-12-18,3250,2685
2021-12-19,3250,2685
2021-12-20,3250,2685
2021-12-21,3250,2685
2021-12-22,3220,2685
2021-12-23,3220,2695
2021-12-24,3220,2710
2021-12-25,3250,2730
2021-12-26,3330,2780
2021-12-27,3330,2780
2021-12-28,3330,2760
2021-12-29,3280,2750
2021-12-30,3270,2740
2021-12-31,3270,2740
2022-01-01,3260,2740
2022-01-02,3250,2720
2022-01-03,3270,2750
2022-01-04,3260,2750
2022-01-05,3280,2760
2022-01-06,3280,2790
2022-01-07,3300,2790
2022-01-08,3285,2790
2022-01-09,3285,2790
2022-01-10,3280,2780
2022-01-11,3280,2780
2022-01-12,3250,2760
2022-01-13,3250,2760
2022-01-14,3230,2760
2022-01-15,3230,2760
2022-01-16,3230,2760
2022-01-17,3230,2760
2022-01-18,3230,2760
2022-01-19,3200,2760
2022-01-20,3190,2760
2022-01-21,3190,2760
2022-01-22,3180,2760
2022-01-23,3180,2760
2022-01-24,3160,2760
2022-01-25,3160,2760
2022-01-26,3160,2760
2022-01-27,3150,2750
2022-01-28,3150,2750
2022-01-29,3120,2750
2022-01-30,3120,2750
2022-01-31,3120,2750
2022-02-04,3160,2750
2022-02-05,3180,2750
2022-02-06,3160,2750
2022-02-07,3160,2750
2022-02-08,3170,2750
2022-02-09,3170,2760
2022-02-10,3170,2780
2022-02-11,3170,2780
2022-02-12,3180,2780
2022-02-13,3180,2780
2022-02-14,3180,2790
2022-02-15,3180,2790
2022-02-16,3190,2790
2022-02-17,3190,2780
2022-02-18,3190,2780
2022-02-19,3190,2780
2022-02-20,3170,2760
2022-02-21,3150,2760
2022-02-22,3150,2780
2022-02-23,3160,2780
2022-02-24,3160,2780
2022-02-25,3160,2785
2022-02-26,3160,2790
2022-02-27,3160,2780
2022-02-28,3150,2770
2022-03-01,3150,2755
2022-03-02,3140,2755
2022-03-03,3130,2755
2022-03-04,3130,2755
2022-03-05,3130,2755
2022-03-06,3110,2755
2022-03-07,3110,2770
2022-03-08,3110,2770
2022-03-09,3130,2770
2022-03-10,3120,2780
2022-03-11,3110,2770
2022-03-12,3110,2740
2022-03-13,3100,2740
2022-03-14,3080,2730
2022-03-15,3050,2730
2022-03-16,3000,2710
2022-03-17,2980,2680
2022-03-18,2950,2680
2022-03-19,2950,2680
2022-03-20,2950,2680
2022-03-21,2955,2680
2022-03-22,2955,2680
2022-03-23,2940,2670
2022-03-24,2900,2650
2022-03-25,2880,2650
2022-03-26,2750,2500
2022-03-27,2700,2500
2022-03-28,2780,2600
2022-03-29,2810,2600
2022-03-30,2820,2600
2022-03-31,2820,2600
2022-04-01,2820,2600
2022-04-02,2820,2600
2022-04-03,2830,2620
2022-04-04,2840,2630
2022-04-05,2850,2660
2022-04-06,2860,2670
2022-04-07,2860,2650
2022-04-08,2840,2650
2022-04-09,2840,2640
2022-04-10,2820,2640
2022-04-11,2800,2640
2022-04-12,2800,2620
2022-04-13,2800,2620
2022-04-14,2800,2620
2022-04-15,2800,2620
2022-04-16,2830,2640
2022-04-17,2830,2640
2022-04-18,2830,2640
2022-04-19,2830,2635
2022-04-20,2820,2635
2022-04-21,2820,2635
2022-04-22,2820,2625
2022-04-23,2820,2625
2022-04-24,2820,2625
2022-04-25,2820,2625
2022-04-26,2830,2630
2022-04-27,2830,2630
2022-04-28,2830,2630
2022-04-29,2805,2610
2022-04-30,2805,2610
2022-05-01,2805,2610
2022-05-02,2800,2600
2022-05-03,2800,2590
2022-05-04,2800,2590
2022-05-05,2820,2620
2022-05-06,2820,2620
2022-05-07,2820,2620
2022-05-08,2850,2650
2022-05-09,2860,2655
2022-05-10,2890,2680
2022-05-11,2890,2680
2022-05-12,2870,2660
2022-05-13,2870,2660
2022-05-14,2870,2670
2022-05-15,2910,2680
2022-05-16,2910,2680
2022-05-17,2920,2710
2022-05-18,2960,2710
2022-05-19,2970,2720
2022-05-20,2970,2740
2022-05-21,2970,2755
2022-05-22,3010,2755
2022-05-23,3000,2740
2022-05-24,3000,2730
2022-05-25,2990,2730
2022-05-26,2990,2730
2022-05-27,3000,2750
2022-05-28,3005,2735
2022-05-29,3005,2735
2022-05-30,3000,2735
2022-05-31,3000,2730
2022-06-01,3000,2740
2022-06-02,3020,2745
2022-06-03,3020,2745
2022-06-04,3020,2745
2022-06-05,3020,2745
2022-06-06,3020,2745
2022-06-07,3020,2745
2022-06-08,3020,2745
2022-06-09,3030,2760
2022-06-10,3030,2760
2022-06-11,3030,2760
2022-06-12,3090,2800
2022-06-13,3090,2800
2022-06-14,3090,2775
2022-06-15,3080,2775
2022-06-16,3080,2775
2022-06-17,3080,2775
2022-06-18,3065,2775
2022-06-19,3065,2775
2022-06-20,3065,2775
2022-06-21,3065,2760
2022-06-22,3065,2770
2022-06-23,3065,2770
2022-06-24,3060,2760
2022-06-25,3060,2750
2022-06-26,3060,2735
2022-06-27,3050,2735
2022-06-28,3045,2725
2022-06-29,3045,2720
2022-06-30,3040,2720
2022-07-01,3030,2720
2022-07-02,3010,2720
2022-07-03,3050,2760
2022-07-04,3050,2735
2022-07-05,3050,2770
2022-07-06,3070,2760
2022-07-07,3085,2770
2022-07-08,3070,2745
2022-07-09,3070,2745
2022-07-10,3055,2745
2022-07-11,3065,2740
2022-07-12,3065,2755
2022-07-13,3070,2750
2022-07-14,3070,2760
2022-07-15,3090,2760
2022-07-16,3090,2750
2022-07-17,3100,2770
2022-07-18,3100,2760
2022-07-19,3110,2765
2022-07-20,3115,2745
2022-07-21,3110,2740
2022-07-22,3120,2750
2022-07-23,3120,2750
2022-07-24,3120,2750
2022-07-25,3110,2750
2022-07-26,3110,2740
2022-07-27,3110,2750
2022-07-28,3120,2755
2022-07-29,3140,2775
2022-07-30,3150,2780
2022-07-31,3150,2790
2022-08-01,3200,2820
2022-08-02,3220,2820
2022-08-03,3220,2800
2022-08-04,3175,2790
2022-08-05,3175,2780
2022-08-06,3175,2790
2022-08-07,3175,2790
2022-08-08,3175,2795
2022-08-09,3200,2800
2022-08-10,3220,2830
2022-08-11,3220,2810
2022-08-12,3220,2820
2022-08-13,3220,2815
2022-08-14,3225,2810
2022-08-15,3215,2800
2022-08-16,3220,2800
2022-08-17,3220,2805
2022-08-18,3215,2800
2022-08-19,3225,2800
2022-08-20,3225,2810
2022-08-21,3220,2810
2022-08-22,3220,2820
2022-08-23,3220,2820
2022-08-24,3220,2815
2022-08-25,3230,2825
2022-08-26,3230,2820
2022-08-27,3230,2820
2022-08-28,3230,2820
2022-08-29,3230,2825
2022-08-30,3230,2825
2022-08-31,3230,2830
2022-09-01,3240,2830
2022-09-02,3240,2830
2022-09-03,3240,2830
2022-09-04,3220,2830
2022-09-05,3220,2830
2022-09-06,3205,2830
2022-09-07,3205,2830
2022-09-08,3215,2830
2022-09-09,3225,2820
2022-09-10,3210,2820
2022-09-11,3200,2800
2022-09-12,3160,2790
2022-09-13,3130,2760
2022-09-14,3100,2740
2022-09-15,3090,2730
2022-09-16,3070,2730
2022-09-17,3080,2730
2022-09-18,3070,2730
2022-09-19,3070,2770
2022-09-20,3100,2770
2022-09-21,3095,2770
2022-09-22,3100,2770
2022-09-23,3100,2760
2022-09-24,3080,2760
2022-09-25,3060,2750
2022-09-26,3060,2750
2022-09-27,3060,2730
2022-09-28,3040,2730
2022-09-29,3040,2730
2022-09-30,3040,2730
2022-10-01,3030,2730
2022-10-02,3030,2730
2022-10-03,3030,2730
2022-10-04,3040,2730
2022-10-05,3040,2730
2022-10-06,3040,2730
2022-10-07,3040,2730
2022-10-08,3060,2750
2022-10-09,3045,2730
2022-10-10,3040,2730
2022-10-11,3040,2730
2022-10-12,3040,2730
2022-10-13,3030,2725
2022-10-14,3030,2720
2022-10-15,3010,2700
2022-10-16,3000,2700
2022-10-17,2965,2690
2022-10-18,2965,2690
2022-10-19,2965,2690
2022-10-20,2980,2710
2022-10-21,3010,2720
2022-10-22,3010,2720
2022-10-23,3010,2710
2022-10-24,3010,2710
2022-10-25,3010,2710
2022-10-26,3000,2690
2022-10-27,2980,2680
2022-10-28,2980,2670
2022-10-29,2970,2670
2022-10-30,2970,2670
2022-10-31,2955,2660
2022-11-01,2940,2630
2022-11-02,2925,2615
2022-11-03,2970,2670
2022-11-04,2990,2680
2022-11-05,3000,2700
2022-11-06,2990,2690
2022-11-07,2990,2670
2022-11-08,2980,2660
2022-11-09,2980,2630
2022-11-10,2980,2650
2022-11-11,3010,2680
2022-11-12,3010,2660
2022-11-13,2990,2650
2022-11-14,3015,2680
2022-11-15,3015,2680
2022-11-16,3020,2680
2022-11-17,3010,2675
2022-11-18,2990,2665
2022-11-19,2985,2660
2022-11-20,2965,2650
2022-11-21,2965,2650
2022-11-22,2965,2660
2022-11-23,2970,2660
2022-11-24,2960,2660
2022-11-25,2950,2660
2022-11-26,2940,2660
2022-11-27,2930,2660
2022-11-28,2910,2660
2022-11-29,2910,2660
2022-11-30,2910,2650
2022-12-01,2885,2650
2022-12-02,2880,2640
2022-12-03,2880,2640
2022-12-04,2905,2680
2022-12-05,2940,2710
2022-12-06,2940,2700
2022-12-07,2960,2720
2022-12-08,2960,2720
2022-12-09,2950,2720
2022-12-10,2940,2720
2022-12-11,2940,2700
2022-12-12,2955,2730
2022-12-13,2970,2750
2022-12-14,2990,2750
2022-12-15,3000,2780
2022-12-16,2970,2760
2022-12-17,2960,2750
2022-12-18,2950,2740
2022-12-19,2935,2720
2022-12-20,2920,2700
2022-12-21,2880,2690
2022-12-22,2855,2660
2022-12-23,2850,2660
2022-12-24,2865,2680
2022-12-25,2855,2680
2022-12-26,2855,2680
2022-12-27,2900,2700
2022-12-28,2900,2720
2022-12-29,2890,2680
2022-12-30,2890,2690
2022-12-31,2900,2700
2023-01-01,2910,2720
2023-01-02,2910,2720
2023-01-03,2900,2705
2023-01-04,2900,2705
2023-01-05,2880,2680
2023-01-06,2900,2710
2023-01-07,2910,2715
2023-01-08,2935,2740
2023-01-09,2950,2755
2023-01-10,2940,2740
2023-01-11,2940,2735
2023-01-12,2930,2720
2023-01-13,2930,2720
2023-01-14,2945,2720
2023-01-15,2950,2740
2023-01-16,2950,2740
2023-01-17,2940,2730
2023-01-18,2940,2730
2023-01-19,2930,2725
2023-01-20,2920,2925
2023-01-26,2920,2725
2023-01-27,2970,2745
2023-01-28,2980,2720
2023-01-29,2980,2720
2023-01-30,2950,2715
2023-01-31,2950,2715
2023-02-01,2960,2740
2023-02-02,2960,2740
2023-02-03,2960,2730
2023-02-04,2955,2715
2023-02-05,2955,2715
2023-02-06,2955,2715
2023-02-07,2955,2715
2023-02-08,2955,2715
2023-02-09,2955,2715
2023-02-10,2955,2730
2023-02-11,2950,2730
2023-02-12,2950,2730
2023-02-13,2955,2730
2023-02-14,2960,2740
2023-02-15,2970,2750
2023-02-16,2990,2770
2023-02-17,3000,2770
2023-02-18,3000,2740
2023-02-19,2985,2740
2023-02-20,2975,2740
2023-02-21,2975,2750
2023-02-22,2975,2750
2023-02-23,2980,2740
2023-02-24,2980,2745
2023-02-25,2980,2760
2023-02-26,2995,2755
2023-02-27,3000,2755
2023-02-28,3000,2750
2023-03-01,2990,2750
2023-03-02,3000,2745
2023-03-03,3000,2755
2023-03-04,3000,2755
2023-03-05,3000,2755
2023-03-06,3000,2755
2023-03-07,3000,2755
2023-03-08,2990,2755
2023-03-09,2990,2755
2023-03-10,2990,2755
2023-03-11,2980,2750
2023-03-12,2980,2750
2023-03-13,2990,2755
2023-03-14,2990,2755
2023-03-15,2990,2755
2023-03-16,2985,2755
2023-03-17,2990,2755
2023-03-18,2980,2755
2023-03-19,2975,2755
2023-03-20,2975,2755
2023-03-21,2980,2765
2023-03-22,2970,2765
2023-03-23,2960,2750
2023-03-24,2965,2750
2023-03-25,2965,2750
2023-03-26,2955,2750
2023-03-27,2930,2750
2023-03-28,2930,2750
2023-03-29,2930,2750
2023-03-30,2930,2750
2023-03-31,2925,2750
2023-04-01,2925,2750
2023-04-02,2925,2740
2023-04-03,2925,2740
2023-04-04,2925,2750
2023-04-05,2930,2750
2023-04-06,2930,2750
2023-04-07,2930,2755
2023-04-08,2930,2755
2023-04-09,2930,2755
2023-04-10,2910,2755
2023-04-11,2910,2755
2023-04-12,2930,2745
2023-04-13,2930,2745
2023-04-14,2930,2745
2023-04-15,2930,2750
2023-04-16,2935,2750
2023-04-17,2940,2755
2023-04-18,2940,2755
2023-04-19,2950,2760
2023-04-20,2935,2760
2023-04-21,2935,2760
2023-04-22,2935,2760
2023-04-23,2935,2760
2023-04-24,2935,2760
2023-04-25,2935,2760
2023-04-26,2935,2760
2023-04-27,2935,2760
2023-04-28,2935,2760
2023-04-29,2935,2760
2023-04-30,2935,2760
2023-05-01,2935,2760
2023-05-02,2930,2760
2023-05-03,2920,2750
2023-05-04,2920,2750
2023-05-05,2920,2750
2023-05-06,2935,2750
2023-05-07,2935,2750
2023-05-08,2935,2770
2023-05-09,2935,2780
2023-05-10,2935,2780
2023-05-11,2950,2780
2023-05-12,2955,2780
2023-05-13,2955,2780
2023-05-14,2955,2810
2023-05-15,2955,2810
2023-05-16,2975,2815
2023-05-17,2975,2815
2023-05-18,2965,2815
2023-05-19,2965,2815
2023-05-20,2960,2800
2023-05-21,2960,2800
2023-05-22,2945,2785
2023-05-23,2950,2785
2023-05-24,2950,2785
2023-05-25,2950,2795
2023-05-26,2950,2795
2023-05-27,2950,2795
2023-05-28,2960,2800
2023-05-29,2965,2800
2023-05-30,2955,2800
2023-05-31,2955,2820
2023-06-01,2965,2820
2023-06-02,2965,2820
2023-06-03,2960,2820
2023-06-04,2960,2820
2023-06-05,2960,2815
2023-06-06,2970,2825
2023-06-07,2955,2825
2023-06-08,2955,2825
2023-06-09,2955,2825
2023-06-10,2955,2825
2023-06-11,2955,2825
2023-06-12,2955,2815
2023-06-13,2955,2815
2023-06-14,2955,2800
2023-06-15,2950,2795
2023-06-16,2950,2795
2023-06-17,2950,2795
2023-06-18,2950,2795
2023-06-19,2950,2800
2023-06-20,2950,2800
2023-06-21,2950,2800
2023-06-22,2940,2800
2023-06-23,2930,2790
2023-06-24,2930,2775
2023-06-25,2910,2760
2023-06-26,2910,2760
2023-06-27,2910,2760
2023-06-28,2910,2760
2023-06-29,2910,2760
2023-06-30,2960,2760
2023-07-01,2960,2740
2023-07-02,2960,2740
2023-07-03,2940,2740
2023-07-04,2940,2740
2023-07-05,2940,2740
2023-07-06,2940,2740
2023-07-07,2940,2740
2023-07-08,2940,2740
2023-07-09,2940,2750
2023-07-10,2940,2750
2023-07-11,2940,2770
2023-07-12,2940,2770
2023-07-13,2940,2770
2023-07-14,2940,2770
2023-07-15,2940,2770
2023-07-16,2940,2770
2023-07-17,2940,2770
2023-07-18,2940,2740
2023-07-19,2940,2740
2023-07-20,2940,2740
2023-07-21,2955,2760
2023-07-22,2955,2760
2023-07-23,2945,2760
2023-07-24,2945,2760
2023-07-25,2945,2760
2023-07-26,2950,2760
2023-07-27,2950,2760
2023-07-28,2950,2760
2023-07-29,2950,2760
2023-07-30,2950,2760
2023-07-31,2950,2760
2023-08-01,2950,2760
2023-08-02,2950,2760
2023-08-03,2950,2755
2023-08-04,2980,2755
2023-08-05,2980,2755
2023-08-06,2980,2755
2023-08-07,2980,2755
2023-08-08,2980,2755
2023-08-09,2980,2750
2023-08-10,2980,2750
2023-08-11,2980,2750
2023-08-12,3000,2775
2023-08-13,3000,2775
2023-08-14,3000,2785
2023-08-15,3000,2795
2023-08-16,3030,2810
2023-08-17,3010,2800
2023-08-18,3010,2800
2023-08-19,3010,2775
2023-08-20,3010,2775
2023-08-21,3000,2775
2023-08-22,3000,2775
2023-08-23,3000,2775
2023-08-24,2995,2780
2023-08-25,2990,2775
2023-08-26,2990,2770
2023-08-27,2990,2770
2023-08-28,2990,2770
2023-08-29,3000,2780
2023-08-30,3000,2780
2023-08-31,3000,2780
2023-09-01,3000,2780
2023-09-02,2995,2775
2023-09-03,2995,2775
2023-09-04,3005,2785
2023-09-05,3005,2785
2023-09-06,3010,2785
2023-09-07,3010,2785
2023-09-08,3020,2785
2023-09-09,3025,2795
2023-09-10,3025,2795
2023-09-11,3020,2795
2023-09-12,3015,2795
2023-09-13,3025,2795
2023-09-14,3020,2780
2023-09-15,3000,2780
2023-09-16,3010,2770
2023-09-17,3010,2770
2023-09-18,2995,2760
2023-09-19,3000,2760
2023-09-20,3000,2760
2023-09-21,3005,2760
2023-09-22,3000,2755
2023-09-23,3000,2755
2023-09-24,3015,2755
2023-09-25,3020,2755
2023-09-26,3010,2755
2023-09-27,2980,2740
2023-09-28,2970,2740
2023-09-29,2970,2730
2023-09-30,2970,2730
2023-10-01,2970,2730
2023-10-02,2970,2730
2023-10-03,2970,2725
2023-10-04,2970,2725
2023-10-05,2980,2720
2023-10-06,2980,2720
2023-10-07,2980,2730
2023-10-08,2980,2730
2023-10-09,2970,2720
2023-10-10,2970,2700
2023-10-11,2965,2690
2023-10-12,2950,2680
2023-10-13,2950,2665
2023-10-14,2950,2665
2023-10-15,2950,2665
2023-10-16,2930,2665
2023-10-17,2930,2670
2023-10-18,2930,2670
2023-10-19,2965,2685
2023-10-20,2940,2685
2023-10-21,2940,2680
2023-10-22,2935,2680
2023-10-23,2935,2680
2023-10-24,2930,2680
2023-10-25,2970,2700
2023-10-26,2930,2680
2023-10-27,2930,2665
2023-10-28,2930,2660
2023-10-29,2925,2660
2023-10-30,2925,2660
2023-10-31,2920,2650
2023-11-01,2915,2650
2023-11-02,2930,2650
2023-11-03,2960,2710
2023-11-04,2960,2710
2023-11-05,2970,2710
2023-11-06,2970,2710
2023-11-07,2980,2710
2023-11-08,2980,2720
2023-11-09,2980,2720
2023-11-10,2980,2710
2023-11-11,2980,2700
2023-11-12,2980,2715
2023-11-13,2970,2710
2023-11-14,2970,2700
2023-11-15,2975,2710
2023-11-16,2975,2710
2023-11-17,2970,2710
2023-11-18,2965,2685
2023-11-19,2970,2695
2023-11-20,2960,2680
2023-11-21,2960,2680
2023-11-22,2965,2680
2023-11-23,2965,2670
2023-11-24,2955,2665
2023-11-25,2960,2670
2023-11-26,2960,2670
2023-11-27,2955,2670
2023-11-28,2950,2665
2023-11-29,2955,2665
2023-11-30,2955,2665
2023-12-01,2960,2670
2023-12-02,2960,2670
2023-12-03,2960,2670
2023-12-04,2980,2685
2023-12-05,2980,2685
2023-12-06,2980,2695
2023-12-07,2980,2695
2023-12-08,2975,2690
2023-12-09,2975,2690
2023-12-10,2975,2690
2023-12-11,2965,2690
2023-12-12,2965,2690
2023-12-13,2970,2690
2023-12-14,2970,2700
2023-12-15,2970,2700
2023-12-16,2995,2720
2023-12-17,2995,2720
2023-12-18,3000,2720
2023-12-19,3000,2730
2023-12-20,2990,2720
2023-12-21,2990,2720
2023-12-22,2980,2720
2023-12-23,3000,2720
2023-12-24,3000,2720
2023-12-25,2985,2715
2023-12-26,2985,2715
2023-12-27,2990,2720
2023-12-28,2990,2720
2023-12-29,2965,2710
2023-12-30,2965,2700
2023-12-31,2965,2700
2024-01-01,2960,2690
2024-01-02,2960,2690
2024-01-03,2950,2680
2024-01-04,2950,2680
2024-01-05,2970,2710
2024-01-06,2970,2710
2024-01-07,2970,2710
2024-01-08,2970,2710
2024-01-09,2970,2720
2024-01-10,2970,2720
2024-01-11,2970,2720
2024-01-12,2970,2720
2024-01-13,2955,2705
2024-01-14,2955,2705
2024-01-15,2955,2695
2024-01-16,2955,2695
2024-01-17,2955,2695
2024-01-18,2955,2695
2024-01-19,2920,2695
2024-01-20,2940,2695
2024-01-21,2940,2695
2024-01-22,2940,2695
2024-01-23,2940,2705
2024-01-24,2960,2710
2024-01-25,2960,2705
2024-01-26,2950,2695
2024-01-27,2950,2695
2024-01-28,2950,2685
2024-01-29,2950,2710
2024-01-30,2950,2690
2024-01-31,2960,2690
2024-02-01,2970,2690
2024-02-02,2975,2690
2024-02-03,2980,2690
2024-02-04,2980,2715
2024-02-05,2980,2715
2024-02-06,2980,2715
2024-02-08,2980,2715
2024-02-09,3000,2710
2024-02-14,2990,2700
2024-02-15,2990,2700
2024-02-16,2990,2700
2024-02-17,2990,2700
2024-02-18,3000,2700
2024-02-19,3010,2710
2024-02-20,3000,2710
2024-02-21,3000,2690
2024-02-22,3000,2690
2024-02-23,3000,2700
2024-02-24,3000,2700
2024-02-25,3000,2700
2024-02-26,3000,2700
2024-02-27,2990,2700
2024-02-28,2990,2700
2024-02-29,2990,2700
2024-03-01,2990,2700
2024-03-02,2980,2690
2024-03-03,2980,2690
2024-03-04,2980,2690
2024-03-05,2980,2690
2024-03-06,2980,2690
2024-03-07,2980,2690
2024-03-08,2980,2705
2024-03-09,2980,2705
2024-03-10,2980,2705
2024-03-11,2970,2685
2024-03-12,2970,2685
2024-03-13,2970,2685
2024-03-14,2970,2685
2024-03-15,2970,2685
2024-03-16,2970,2685
2024-03-17,2970,2685
2024-03-18,2970,2685
2024-03-19,2955,2685
2024-03-20,2955,2685
2024-03-21,2945,2685
2024-03-22,2930,2675
2024-03-23,2915,2675
2024-03-24,2915,2665
2024-03-25,2885,2665
2024-03-26,2885,2665
2024-03-27,2885,2665
2024-03-28,2885,2630
2024-03-29,2885,2635
2024-03-30,2890,2635
2024-03-31,2890,2635
2024-04-01,2890,2635
2024-04-02,2880,2635
2024-04-03,2880,2635
2024-04-04,2860,2635
2024-04-05,2860,2635
2024-04-06,2860,2615
2024-04-07,2840,2580
2024-04-08,2820,2560
2024-04-09,2800,2510
2024-04-10,2790,2505
2024-04-11,2800,2530
2024-04-12,2825,2630
2024-04-13,2825,2600
2024-04-14,2830,2600
2024-04-15,2830,2600
2024-04-16,2830,2615
2024-04-17,2810,2590
2024-04-18,2810,2550
2024-04-19,2810,2550
2024-04-20,2810,2550
2024-04-21,2810,2550
2024-04-22,2810,2570
2024-04-23,2810,2570
2024-04-24,2805,2590
2024-04-25,2800,2590
2024-04-26,2800,2560
2024-04-27,2800,2560
2024-04-28,2780,2560
2024-04-29,2780,2560
2024-04-30,2780,2560
2024-05-01,2780,2560
2024-05-02,2780,2560
2024-05-03,2780,2570
2024-05-04,2790,2570
2024-05-05,2790,2570
2024-05-06,2790,2570
2024-05-07,2790,2570
2024-05-08,2790,2570
2024-05-09,2790,2570
2024-05-10,2780,2570
2024-05-11,2780,2570
2024-05-12,2780,2560
2024-05-13,2770,2560
2024-05-14,2770,2560
2024-05-15,2770,2560
2024-05-16,2760,2550
2024-05-17,2760,2550
2024-05-18,2760,2530
2024-05-19,2760,2530
2024-05-20,2760,2495
2024-05-21,2760,2495
2024-05-22,2760,2505
2024-05-23,2745,2505
2024-05-24,2745,2505
2024-05-25,2745,2505
2024-05-26,2745,2520
2024-05-27,2735,2520
2024-05-28,2720,2520
2024-05-29,2720,2520
2024-05-30,2720,2520
2024-05-31,2720,2520
2024-06-01,2720,2520
2024-06-02,2710,2500
2024-06-03,2710,2500
2024-06-04,2710,2485
2024-06-05,2710,2485
2024-06-06,2720,2485
2024-06-07,2720,2470
2024-06-08,2720,2470
2024-06-09,2720,2470
2024-06-10,2720,2460
2024-06-11,2715,2445
2024-06-12,2695,2420
2024-06-13,2695,2420
2024-06-14,2550,2230
2024-06-15,2580,2250
2024-06-16,2600,2290
2024-06-17,2600,2290
2024-06-18,2580,2275
2024-06-19,2580,2275
2024-06-20,2565,2260
2024-06-21,2565,2250
2024-06-22,2480,2235
2024-06-23,2420,2140
2024-06-24,2420,2080
2024-06-25,2450,2150
2024-06-26,2490,2200
2024-06-27,2550,2290
2024-06-28,2530,2290
2024-06-29,2550,2290
2024-06-30,2550,2290
2024-07-01,2530,2310
2024-07-02,2580,2380
2024-07-03,2580,2370
2024-07-04,2550,2345
2024-07-05,2550,2335
2024-07-06,2530,2300
2024-07-07,2530,2290
2024-07-08,2530,2310
2024-07-09,2560,2330
2024-07-10,2560,2330
2024-07-11,2600,2380
2024-07-12,2600,2380
2024-07-13,2620,2400
2024-07-14,2600,2400
2024-07-15,2600,2400
2024-07-16,2600,2385
2024-07-17,2590,2375
2024-07-18,2585,2370
2024-07-19,2585,2370
2024-07-20,2590,2375
2024-07-21,2590,2380
2024-07-22,2600,2385
2024-07-23,2600,2390
2024-07-24,2600,2395
2024-07-25,2600,2395
2024-07-26,2590,2375
2024-07-27,2590,2375
2024-07-28,2590,2375
2024-07-29,2580,2375
2024-07-30,2580,2375
2024-07-31,2590,2380
2024-08-01,2620,2400
2024-08-02,2620,2400
2024-08-03,2650,2400
2024-08-04,2680,2410
2024-08-05,2700,2420
2024-08-06,2720,2430
2024-08-07,2705,2430
2024-08-08,2710,2440
2024-08-09,2700,2435
2024-08-10,2700,2435
2024-08-11,2700,2435
2024-08-12,2695,2435
2024-08-13,2695,2435
2024-08-14,2700,2435
2024-08-15,2730,2435
2024-08-16,2760,2445
2024-08-17,2785,2450
2024-08-18,2765,2450
2024-08-19,2750,2440
2024-08-20,2740,2440
2024-08-21,2740,2430
2024-08-22,2740,2430
2024-08-23,2730,2425
2024-08-24,2730,2425
2024-08-25,2730,2415
2024-08-26,2730,2400
2024-08-27,2730,2400
2024-08-28,2750,2400
2024-08-29,2750,2400
2024-08-30,2710,2400
2024-08-31,2680,2380
2024-09-01,2660,2365
2024-09-02,2660,2365
2024-09-03,2660,2365
2024-09-04,2620,2365
2024-09-05,2610,2365
2024-09-06,2595,2365
2024-09-07,2570,2365
2024-09-08,2550,2365
2024-09-09,2535,2365
2024-09-10,2540,2380
2024-09-11,2580,2400
2024-09-12,2550,2380
2024-09-13,2535,2380
2024-09-14,2510,2380
2024-09-15,2500,2380
2024-09-16,2500,2380
2024-09-17,2500,2380
2024-09-18,2500,2365
2024-09-19,2490,2365
2024-09-20,2470,2365
2024-09-21,2390,2300
2024-09-22,2390,2270
2024-09-23,2365,2250
2024-09-24,2355,2250
2024-09-25,2320,2200
2024-09-26,2350,2240
2024-09-27,2350,2260
2024-09-28,2365,2270
2024-09-29,2380,2290
2024-09-30,2390,2295
2024-10-01,2370,2295
2024-10-02,2370,2295
2024-10-03,2370,2300
2024-10-04,2400,2300
2024-10-05,2410,2300
2024-10-06,2430,2310
2024-10-07,2410,2310
2024-10-08,2400,2300
2024-10-09,2395,2300
2024-10-10,2375,2300
2024-10-11,2340,2280
2024-10-12,2320,2240
2024-10-13,2300,2240
2024-10-14,2320,2250
2024-10-15,2320,2265
2024-10-16,2315,2255
2024-10-17,2305,2255
2024-10-18,2300,2255
2024-10-19,2280,2255
2024-10-20,2280,2250
2024-10-21,2280,2250
2024-10-22,2290,2255
2024-10-23,2290,2255
2024-10-24,2270,2245
2024-10-25,2260,2225
2024-10-26,2260,2225
2024-10-27,2230,2200
2024-10-28,2230,2200
2024-10-29,2230,2200
2024-10-30,2210,2185
2024-10-31,2170,2150
2024-11-02,2230,2180
2024-11-03,2270,2230
2024-11-04,2300,2260
2024-11-05,2330,2290
2024-11-06,2350,2275
2024-11-07,2335,2255
2024-11-08,2335,2255
2024-11-09,2320,2255
2024-11-10,2315,2225
2024-11-11,2330,2240
2024-11-12,2330,2240
2024-11-13,2330,2240
2024-11-14,2300,2220
2024-11-15,2250,2190
2024-11-16,2250,2190
2024-11-17,2265,2210
2024-11-18,2280,2220
2024-11-19,2280,2220
2024-11-20,2265,2220
2024-11-21,2255,2210
2024-11-22,2255,2210
2024-11-23,2255,2210
2024-11-24,2250,2200
2024-11-25,2250,2200
2024-11-26,2250,2190
2024-11-27,2250,2190
2024-11-28,2245,2190
2024-11-29,2245,2190
2024-11-30,2235,2190
2024-12-01,2235,2190
2024-12-02,2240,2190
2024-12-03,2240,2175
2024-12-04,2270,2190
2024-12-05,2290,2210
2024-12-06,2280,2210
2024-12-07,2270,2200
2024-12-08,2260,2200
2024-12-09,2260,2200
2024-12-10,2270,2215
2024-12-11,2270,2215
2024-12-12,2260,2210
2024-12-13,2260,2210
2024-12-14,2270,2210
2024-12-15,2270,2210
2024-12-16,2270,2210
2024-12-17,2270,2220
2024-12-18,2300,2220
2024-12-19,2320,2240
2024-12-20,2335,2240
2024-12-21,2335,2240
2024-12-22,2335,2250
2024-12-23,2320,2240
2024-12-24,2320,2250
2024-12-25,2310,2250
2024-12-26,2290,2230
2024-12-27,2290,2210
2024-12-28,2310,2210
2024-12-29,2330,2240
2024-12-30,2315,2220
2024-12-31,2315,2220
2025-01-01,2315,2220
2025-01-02,2290,2220
2025-01-03,2315,2220
2025-01-04,2250,2220
2025-01-05,2230,2200
2025-01-06,2225,2190
2025-01-07,2215,2190
2025-01-08,2230,2190
2025-01-09,2250,2220
2025-01-10,2260,2230
2025-01-11,2260,2230
2025-01-12,2240,2220
2025-01-13,2235,2220
2025-01-14,2240,2220
2025-01-15,2240,2220
2025-01-16,2240,2220
2025-01-17,2240,2220
2025-01-18,2245,2220
2025-01-19,2245,2220
2025-01-20,2260,2220
2025-01-21,2260,2220
2025-01-22,2270,2240
2025-01-23,2270,2240
2025-01-24,2275,2240
2025-01-25,2270,2230
2025-01-26,2255,2220
2025-02-03,2270,2220
2025-02-04,2270,2230
2025-02-05,2280,2230
2025-02-06,2270,2230
2025-02-07,2285,2230
2025-02-08,2285,2230
2025-02-09,2280,2230
2025-02-10,2280,2230
2025-02-11,2280,2230
2025-02-12,2280,2250
2025-02-13,2270,2250
2025-02-14,2265,2230
2025-02-15,2255,2230
2025-02-16,2250,2220
2025-02-17,2250,2220
2025-02-18,2235,2200
2025-02-19,2230,2190
2025-02-20,2230,2190
2025-02-21,2230,2190
2025-02-22,2230,2190
2025-02-23,2240,2220
2025-02-24,2240,2220
2025-02-25,2250,2220
2025-02-26,2250,2210
2025-02-27,2240,2210
2025-02-28,2230,2200
2025-03-01,2230,2200
2025-03-02,2230,2200
2025-03-03,2230,2200
2025-03-04,2230,2200
2025-03-05,2240,2200
2025-03-06,2245,2210
2025-03-07,2255,2210
2025-03-08,2255,2210
2025-03-09,2245,2210
2025-03-10,2245,2210
2025-03-11,2255,2220
2025-03-12,2235,2210
2025-03-13,2225,2200
2025-03-14,2225,2200
2025-03-15,2225,2200
2025-03-16,2225,2200
2025-03-17,2225,2200
2025-03-18,2225,2190
2025-03-19,2225,2190
2025-03-20,2225,2190
2025-03-21,2215,2180
2025-03-22,2215,2180
2025-03-23,2200,2180
2025-03-24,2190,2165
2025-03-26,2170,2140
2025-03-27,2170,2140
2025-03-28,2170,2140
2025-03-29,2165,2140
2025-03-30,2165,2140
2025-03-31,2150,2130
2025-04-01,2150,2130
2025-04-02,2160,2135
2025-04-03,2165,2150
2025-04-04,2165,2150
2025-04-05,2165,2150
2025-04-06,2165,2150
2025-04-07,2160,2135
2025-04-08,2180,2170
2025-04-09,2160,2135
2025-04-10,2150,2135
2025-04-11,2145,2135
2025-04-12,2145,2135
2025-04-13,2130,2120
2025-04-14,2130,2120
2025-04-15,2130,2120
2025-04-16,2120,2090
2025-04-17,2120,2090
2025-04-18,2120,2065
2025-04-19,2105,2050
2025-04-20,2105,2050
2025-04-21,2105,2050
2025-04-22,2120,2070
2025-04-23,2135,2070
2025-04-24,2135,2070
2025-04-25,2135,2070
2025-04-26,2135,2070
2025-04-27,2150,2070
2025-04-28,2165,2090
2025-04-29,2180,2100
2025-04-30,2170,2090
2025-05-02,2150,2080
2025-05-03,2150,2080
2025-05-04,2150,2080
2025-05-05,2150,2060
2025-05-06,2150,2060
2025-05-07,2150,2060
2025-05-08,2170,2060
2025-05-09,2170,2080
2025-05-10,2175,2080
2025-05-11,2175,2090
2025-05-12,2175,2070
2025-05-13,2190,2100
2025-05-14,2190,2100
2025-05-15,2190,2100
2025-05-16,2170,2080
2025-05-17,2170,2080
2025-05-18,2165,2080
2025-05-19,2160,2075
2025-05-20,2160,2075
2025-05-21,2150,2075
2025-05-22,2150,2075
2025-05-23,2135,2060
2025-05-24,2125,2060
2025-05-25,2125,2060
2025-05-26,2125,2060
2025-05-27,2140,2060
2025-05-28,2140,2060
2025-05-29,2135,2060
2025-05-30,2135,2060
2025-05-31,2135,2060
2025-06-01,2120,2050
2025-06-02,2120,2050
2025-06-03,2100,2030
2025-06-04,2100,2000
2025-06-05,2100,2000
2025-06-06,2115,2030
2025-06-07,2115,2030
2025-06-08,2115,2020
2025-06-09,2105,2020
2025-06-10,2080,2020
2025-06-11,2080,1990
2025-06-12,2100,2010
2025-06-13,2025,1960
2025-06-14,2000,1960
2025-06-15,1990,1960
2025-06-16,1960,1930
2025-06-17,2020,1970
2025-06-18,2020,1950
2025-06-19,1980,1930
2025-06-20,1950,1900
2025-06-21,1945,1900
2025-06-22,1935,1870
2025-06-23,1935,1870
2025-06-24,1910,1850
2025-06-25,1830,1780
2025-06-26,1830,1780
2025-06-27,1870,1800
2025-06-28,1920,1840
2025-06-29,1960,1860
2025-06-30,1935,1840
2025-07-01,1925,1830
2025-07-02,1940,1855
2025-07-03,1920,1840
2025-07-04,1935,1850
2025-07-05,1935,1860
2025-07-06,1950,1860
2025-07-07,1950,1880
2025-07-08,1940,1880
2025-07-09,1925,1850
2025-07-10,1925,1850
2025-07-11,1945,1870
2025-07-12,1940,1870
2025-07-13,1930,1870
2025-07-14,1935,1880
2025-07-15,1935,1880
2025-07-16,1935,1870
2025-07-17,1930,1870
2025-07-18,1930,1870
2025-07-19,1940,1870
2025-07-20,1935,1870
2025-07-21,1935,1870
2025-07-22,1925,1870
2025-07-23,1920,1870
2025-07-24,1920,1870
2025-07-25,1920,1870
2025-07-26,1915,1870
2025-07-27,1915,1870
2025-07-28,1900,1870
2025-07-29,1900,1870
2025-07-30,1910,1870
2025-07-31,1910,1870
2025-08-01,1910,1860
2025-08-02,1905,1860
2025-08-03,1905,1860
2025-08-04,1905,1860
2025-08-05,1905,1860
2025-08-06,1905,1875
2025-08-07,1905,1870
2025-08-08,1910,1875
2025-08-09,1910,1875
2025-08-10,1910,1875
2025-08-11,1900,1870
2025-08-12,1885,1860
2025-08-13,1885,1860
2025-08-14,1875,1860
2025-08-15,1865,1850
2025-08-16,1860,1850
2025-08-17,1860,1850
2025-08-18,1860,1845
2025-08-19,1855,1840
2025-08-20,1855,1840
2025-08-21,1855,1820
2025-08-22,1845,1820
2025-08-23,1845,1820
2025-08-24,1845,1820
2025-08-25,1845,1820
2025-08-26,1835,1810
2025-08-27,1835,1810
2025-08-28,1830,1810
2025-08-29,1820,1795
2025-08-30,1820,1795
2025-08-31,1830,1805
2025-09-01,1830,1805
2025-09-02,1845,1820
2025-09-03,1840,1810
2025-09-04,1835,1810
2025-09-05,1835,1820
2025-09-06,1835,1820
2025-09-07,1820,1805
2025-09-08,1820,1790
2025-09-09,1815,1790
2025-09-10,1805,1790
2025-09-11,1800,1785
2025-09-12,1790,1780
2025-09-13,1790,1780
2025-09-14,1790,1770
2025-09-15,1790,1770
2025-09-16,1790,1770
2025-09-17,1790,1770
2025-09-18,1790,1770
2025-09-19,1780,1760
2025-09-20,1770,1755
2025-09-21,1770,1755
2025-09-22,1760,1740
2025-09-23,1760,1740
2025-09-24,1790,1765
2025-09-25,1790,1765
2025-09-26,1820,1790
2025-09-27,1830,1800
2025-09-28,1810,1785
2025-09-29,1785,1760
2025-09-30,1780,1760
2025-10-01,1780,1760
2025-10-02,1790,1760
2025-10-03,1790,1760
2025-10-04,1790,1760
2025-10-05,1780,1760
2025-10-06,1780,1760
2025-10-07,1780,1760
2025-10-08,1785,1760
2025-10-09,1785,1760
2025-10-10,1795,1765
2025-10-11,1795,1765
2025-10-12,1800,1770
2025-10-13,1795,1765
2025-10-14,1795,1765
2025-10-15,1785,1760
2025-10-16,1785,1760
2025-10-17,1780,1750
2025-10-18,1780,1750
2025-10-19,1780,1750
2025-10-20,1780,1750
2025-10-21,1780,1735
2025-10-22,1780,1735
2025-10-23,1770,1730
2025-10-24,1770,1730
2025-10-25,1760,1730
2025-10-26,1755,1730
2025-10-27,1735,1715
2025-10-28,1715,1690
2025-10-29,1700,1680
2025-10-30,1690,1660
2025-10-31,1675,1640
2025-11-01,1675,1640
2025-11-02,1660,1620
2025-11-03,1670,1635
2025-11-04,1670,1640
2025-11-05,1670,1640
2025-11-06,1690,1640
2025-11-07,1690,1640
2025-11-08,1680,1640
2025-11-09,1675,1640
2025-11-10,1660,1640
2025-11-11,1660,1640
2025-11-12,1660,1640
2025-11-13,1660,1640
2025-11-14,1670,1655
2025-11-15,1680,1655
2025-11-16,1680,1655
2025-11-17,1680,1655
2025-11-18,1680,1655
2025-11-19,1690,1655
2025-11-20,1690,1655
2025-11-21,1665,1650
2025-11-22,1660,1650
2025-11-23,1650,1640
2025-11-24,1650,1640
2025-11-25,1630,1615
2025-11-26,1610,1600
2025-11-27,1600,1590
2025-11-28,1580,1565
2025-11-29,1595,1580
2025-11-30,1580,1570
2025-12-01,1575,1565
2025-12-02,1560,1550
2025-12-03,1560,1550
2025-12-04,1550,1545
2025-12-05,1550,1545
2025-12-06,1545,1540
2025-12-07,1535,1530
2025-12-08,1530,1530
2025-12-09,1520,1515
2025-12-10,1520,1500
2025-12-11,1510,1500
2025-12-12,1495,1485
2025-12-13,1520,1500
2025-12-14,1590,1570
2025-12-15,1560,1550
2025-12-16,1560,1550
2025-12-17,1570,1550
2025-12-18,1570,1550
2025-12-19,1555,1545
2025-12-20,1560,1550
2025-12-21,1575,1560
2025-12-22,1565,1550
2025-12-23,1560,1550
2025-12-24,1600,1590
2025-12-25,1580,1575
2025-12-26,1575,1570
2025-12-27,1570,1560
2025-12-28,1560,1550
2025-12-29,1575,1560
2025-12-30,1575,1560
2025-12-31,1565,1555
2026-01-01,1550,1540
2026-01-02,1525,1510
2026-01-03,1505,1495
2026-01-04,1505,1490
2026-01-05,1515,1490
2026-01-06,1535,1520
2026-01-07,1545,1535
2026-01-08,1535,1530
2026-01-09,1545,1540
2026-01-10,1545,1540
2026-01-11,1535,1530
2026-01-12,1525,1530
2026-01-13,1525,1520
2026-01-14,1525,1520
2026-01-15,1535,1520
2026-01-16,1535,1520
2026-01-17,1545,1530
2026-01-18,1550,1540
2026-01-19,1550,1540
2026-01-20,1540,1530
2026-01-21,1540,1530
2026-01-22,1540,1530
2026-01-23,1555,1545
2026-01-24,1570,1560
2026-01-25,1570,1560
2026-01-26,1555,1550
2026-01-27,1555,1550
2026-01-28,1590,1570
2026-01-29,1610,1570
2026-01-30,1710,1650
2026-01-31,1680,1650
2026-02-01,1630,1650
2026-02-02,1590,1570
2026-02-03,1625,1570
2026-02-04,1665,1610
2026-02-05,1660,1610
2026-02-06,1660,1610
2026-02-07,1710,1630
2026-02-08,1710,1660
2026-02-09,1680,1660
2026-02-10,1690,1660
2026-02-11,1690,1660
2026-02-12,1715,1660
2026-02-13,1715,1660
2026-02-14,1690,1650
2026-02-15,1690,1650
2026-02-21,1700,1650
2026-02-22,1700,1650
2026-02-23,1700,1650
2026-02-24,1700,1650
2026-02-25,1700,1650
2026-02-26,1700,1650
2026-02-27,1700,1650
2026-02-28,1700,1650
2026-03-01,1680,1650
2026-03-02,1655,1650
2026-03-03,1600,1575
2026-03-04,1570,1550
2026-03-05,1600,1570
2026-03-06,1600,1580
2026-03-07,1610,1590
2026-03-08,1595,1580
2026-03-09,1575,1550
2026-03-10,1570,1545
